"Key","Binomial","Sex","Phylo","Time.difference","Dorsal.photo","Dorsal.URL","Dorsal.time","Dorsal.cryptic.BG","Dorsal.Time.lower","Dorsal.Time.upper","Dorsal.Rank","Dorsal.Rank.lower","Dorsal.Rank.upper","Dorsal.Class","Dorsal.Time.range.pc","Ventral.photo","Ventral.URL","Ventral.time","Ventral.cryptic.BG","Ventral.Time.lower","Ventral.Time.upper","Ventral.Rank","Ventral.Rank.lower","Ventral.Rank.upper","Ventral.Class","Ventral.Time.range.pc","Dorsal.bush1","Dorsal.bush2","Dorsal.bush3","Dorsal.depth1","Dorsal.depth2","Dorsal.depth3","Dorsal.flower1","Dorsal.flower2","Dorsal.flower3","Dorsal.grass1","Dorsal.grass2","Dorsal.grass3","Dorsal.litter1","Dorsal.litter2","Dorsal.litter3","Dorsal.moss1","Dorsal.moss2","Dorsal.moss3","Dorsal.rock1","Dorsal.rock2","Dorsal.rock3","Dorsal.sand1","Dorsal.sand2","Dorsal.sand3","Dorsal.smallrock1","Dorsal.smallrock2","Dorsal.smallrock3","Dorsal.tree1","Dorsal.tree2","Dorsal.tree3","Ventral.bush1","Ventral.bush2","Ventral.bush3","Ventral.depth1","Ventral.depth2","Ventral.depth3","Ventral.flower1","Ventral.flower2","Ventral.flower3","Ventral.grass1","Ventral.grass2","Ventral.grass3","Ventral.litter1","Ventral.litter2","Ventral.litter3","Ventral.moss1","Ventral.moss2","Ventral.moss3","Ventral.rock1","Ventral.rock2","Ventral.rock3","Ventral.sand1","Ventral.sand2","Ventral.sand3","Ventral.smallrock1","Ventral.smallrock2","Ventral.smallrock3","Ventral.tree1","Ventral.tree2","Ventral.tree3","N.daphnia","deaths","Daphnia.mortality.p"
"Arhopala micale","Arhopala micale",NA,"BN004507_EI16D223_Lycaenidae_Theclinae_Arhopalini_Arhopala_thamyras",-6445.55555555556,134,"134 (1).png",3091.88888888889,"moss1.jpg",2692.87037037037,4758.41764705882,3,1,11,"Conspicuous",61.393120481416,412,"412 (1).png",9537.44444444445,"litter1.jpg",8981.26851851852,10000,111,85.5,119.25,"Cryptic",83.2897870911781,1811.81818181818,1382.38461538462,1702.4375,2443.30769230769,1632.77777777778,1855.09090909091,2147,1201.6875,2091.18181818182,2301.95652173913,1436.125,1359.59259259259,1651.07142857143,1643.08333333333,1290.25,3091.88888888889,1384.91666666667,2210.84615384615,1332.65,2445.75,1193.68181818182,1718.25,1735.58823529412,1725.78947368421,2160.8125,2469.63636363636,1675.61111111111,1929.29411764706,1715.11111111111,2288.21428571429,3753.61904761905,3145.61111111111,6358.66666666667,3268.57894736842,3664.78571428571,3575.22222222222,4783.69565217391,2443.72727272727,1593.72727272727,2394.5625,2267.29411764706,6471.15384615385,9537.44444444445,8410.05555555555,7762.7037037037,8153.75,6021.07142857143,5213.15789473684,5416.63157894737,2422.18181818182,3250.52380952381,4567.86363636364,3806.53333333333,1725.9375,3212.23529411765,6933.16,8954.30769230769,4508.75,3214.78571428571,5194.81818181818,50,14,0.28
"Arrhenes dschilus","Arrhenes dschilus",NA,"BN000141_311_Hesperiidae_Hesperiinae_Taractrocerini_Arrhenes_dschilus",-17.6666666666661,415,"415 (3).png",9967,"moss1.jpg",9877.15,10000,120,108,120.25,"Cryptic",84.7058930835393,754,"754 (1).png",9984.66666666667,"moss3.jpg",9958.36363636364,10000,121,111,120,"Cryptic",81.8154503572144,4618.52380952381,2484.53846153846,6264.76923076923,6505.5,7165.4,3879.57894736842,6390.45454545455,3924.32,1524.36363636364,2928.85714285714,6767.5,8664.85,8961.92592592593,6768.5625,6536.45,9967,8367.46153846154,9510.58823529412,3145.46666666667,2852.70588235294,3097.1,1923.8,7208.4,4523.91666666667,2802.58823529412,2659.73684210526,7431.8,2726.31818181818,2118.95238095238,5073.45454545455,3303.375,2296.46153846154,5730.77777777778,4021.6,6376.86666666667,4147.83333333333,6351.11764705882,3484.53846153846,1815.66666666667,2407.83333333333,3747.05,8646.66666666667,7872.55555555556,7603.6,5044.4,9174.82608695652,8860.8,9984.66666666667,2299.47368421053,3841.95238095238,3996.19047619048,3615.28571428571,6435.36842105263,5000.25,2547.36842105263,4737.82352941176,8956.35294117647,3055.61538461538,2315.47058823529,3905.875,120,20,0.166666667
"Belenois java","Belenois java",NA,"BN002237_LEP46735_Pieridae_Pierinae_Pierini_Belenois_java",1261.18796992481,1184,"1184 (1).png",5396.71428571429,"flower1.jpg",4333,6615.33272727273,23,9,32,"Conspicuous",78.3500746282333,768,"768 (1).png",4135.52631578947,"depth2.jpg",3679.58516483516,5703.29166666667,8,3,22.5,"Conspicuous",70.4834022695938,2290.47368421053,1532.64285714286,2721.7,2293.08695652174,2617.35714285714,1291.94736842105,5396.71428571429,2173.61111111111,2937,1878.05263157895,1168.38461538462,2726.88888888889,3134.69230769231,2406.86363636364,1634,3200.47368421053,3822.05882352941,2414.63636363636,1906.61538461538,1187.09090909091,3765.54166666667,2021.05263157895,1780.625,1617.72222222222,1818.73913043478,1671.17647058824,2138.84615384615,4576.72727272727,2273.13333333333,2174.08695652174,2626.75,1834.2,2925.2962962963,2158.625,4135.52631578947,2284.8,2227.5,1848.70588235294,1601.52631578947,1797.38095238095,1252.4,2961.6875,2306.13043478261,3300.89473684211,1858.25,3322.9375,3216.66666666667,2148.4,1587.16666666667,2222.78260869565,3507.25,2196.36363636364,1801.69565217391,1551.78571428571,1408.58823529412,1931.88235294118,1645.22222222222,2077.72222222222,1220.66666666667,1697.63157894737,111,19,0.170247934
"Candalides absimilis","Candalides absimilis",NA,"RE05D052_X_Lycaenidae_Theclinae_Candalidini_Candalides_xanthospilos_X_ME",-138.303405572755,987,"987 (1).png",3918.11764705882,"grass3.jpg",3487.80416666667,5506.06944444444,5,2,21,"Conspicuous",67.4239383288873,1527,"1527 (1).png",4056.42105263158,"smallrock3.jpg",3682.11079545455,6046.65,6,3,27.5,"Conspicuous",72.7113837023288,2244.58333333333,1309,1411.61111111111,2190,3574.47368421053,2612.78571428571,2301.84615384615,2352.6,1400.25,1775.72222222222,2436.66666666667,3918.11764705882,2346.5625,1446.82352941176,1519.92307692308,2996.12,3260.05,2071.86666666667,2399.66666666667,1788.05263157895,2576.52380952381,1952.41176470588,1284.1724137931,1276.36842105263,1432.36842105263,2312,2059.11764705882,3173.52631578947,1812.36842105263,2390.86363636364,2097.92307692308,1338.94444444444,2070,1945.23076923077,1900.64285714286,1798,3881.75,1762.71428571429,1975.75,1887,1106.94117647059,3133.76470588235,2557.90476190476,2664.76470588235,1789.33333333333,3763.6,3320.2,2147,2177.95652173913,1585.65,2684.45833333333,2449.58823529412,1789.86363636364,1679.10714285714,1736.95833333333,2432,4056.42105263158,3225,2067.5,3659.85714285714,40,26,0.65
"Candalides hyacinthinus","Candalides hyacinthinus",NA,"RE05D052_X_Lycaenidae_Theclinae_Candalidini_Candalides_xanthospilos_X_ME",2150.9375,3689,"3689 (1).png",9692.0625,"litter1.jpg",9117.35561497326,10000,113,86.5,121,"Cryptic",83.6765050438611,3636,"3636 (1).png",7541.125,"litter1.jpg",6187.59166666667,9126.06746031746,51,27,89.5,"Cryptic",81.1735348144041,4559.69565217391,2413.04,3998.65,2868.81818181818,4032.88461538462,4747.42857142857,5863.30769230769,2878.38888888889,1582.08333333333,1725.25,2497.95238095238,5353.38095238095,9692.0625,5701.125,6293.66666666667,7923.8947368421,7148.5,6688.55555555556,6268.90909090909,1643.25,8116.66666666667,4637.70588235294,3611.08333333333,2511.46153846154,2799.92,4219,7042.15789473684,6065.54166666667,4225.07692307692,8208.875,1973.05555555556,2044.42105263158,1492,2975.6,2536.94444444444,2908.57894736842,2596.94444444444,2342.22222222222,2783.30769230769,2046.73684210526,1419.72727272727,4314.05555555556,7541.125,3675.57142857143,3068.5,5538.2380952381,4205.90476190476,2829.92857142857,3322.19047619048,1958.38888888889,3552.41666666667,2167,2177.5,2945.57894736842,2618.75,3859.58333333333,3952.26086956522,3912.47058823529,2039.32,6090.5,50,6,0.12
"Catopsilia pomona_Female","Catopsilia pomona","female","BN002319_DL13F181_Pieridae_Coliadinae_X_Catopsilia_scylla",-854.641666666666,1077,"1077 (1).png",4268.73333333333,"flower1.jpg",4020.72850678733,6218.40303030303,9,5,28,"Conspicuous",70.6560404035065,2779,"2779 (1).png",5123.375,"litter2.jpg",5164.76442307692,7556.33333333333,20,17,44.5,"Conspicuous",69.3456274128195,3245.95,2090.78947368421,2154.69230769231,2760.79166666667,3843.33333333333,2249,4268.73333333333,2752.83333333333,2901.45,1723.55555555556,1920.09090909091,3765.94444444444,4190.15789473684,2365.63636363636,1723.3125,3195.42105263158,3877,2290.64,1252.61538461538,2279.23076923077,2159.78260869565,2234.41176470588,1826.06666666667,2836,2141.73913043478,2045.9,2869.88235294118,2868,1795.11764705882,3446.33333333333,2986.71428571429,2030.61904761905,2523.26666666667,2516.61111111111,2687.45454545455,2665.24,4566.75,1962.58333333333,3117.83333333333,2047.8,2128.05882352941,4694.33333333333,3256.125,5123.375,3334.16666666667,4897.47058823529,4700.76,3820.72727272727,3474.53846153846,2835.61904761905,2483.57142857143,2876.88235294118,1570.53846153846,4272.91304347826,2157.2,4311.68421052632,4405.93333333333,3465.63636363636,2040.65217391304,3397.22222222222,50,4,0.08
"Catopsilia pomona_Male","Catopsilia pomona","male","BN002319_DL13F181_Pieridae_Coliadinae_X_Catopsilia_scylla",-771.682692307692,69,"69 (1).png",4351.69230769231,"flower1.jpg",3499.83333333333,6601.34848484848,12,3,30.5,"Conspicuous",71.2946923095053,2779,"2779 (1).png",5123.375,"litter2.jpg",5164.76442307692,7556.33333333333,20,17,44.5,"Conspicuous",69.3456274128195,2532.82352941176,1571.45,2423.15384615385,2847.5652173913,2519.39130434783,2135.80952380952,4351.69230769231,1402.1,2193,1573.85,1249.16666666667,3662.20833333333,3078.70588235294,2905.8275862069,1686.86363636364,2325.125,2825.57142857143,2501.89473684211,2080.52380952381,1351.33333333333,2253.25,1359,1910.81818181818,1406.90909090909,1592.5,2643.94117647059,1551.0625,3383.05882352941,2173.64285714286,1589.07692307692,2986.71428571429,2030.61904761905,2523.26666666667,2516.61111111111,2687.45454545455,2665.24,4566.75,1962.58333333333,3117.83333333333,2047.8,2128.05882352941,4694.33333333333,3256.125,5123.375,3334.16666666667,4897.47058823529,4700.76,3820.72727272727,3474.53846153846,2835.61904761905,2483.57142857143,2876.88235294118,1570.53846153846,4272.91304347826,2157.2,4311.68421052632,4405.93333333333,3465.63636363636,2040.65217391304,3397.22222222222,50,16,0.32
"Cephrenes augiades","Cephrenes augiades",NA,"BN000246_121_Hesperiidae_Hesperiinae_Taractrocerini_Cephrenes_augiades",0,1911,"1911 (1).png",10000,"moss2.jpg",10000,10000,122.5,117.25,121.25,"Cryptic",81.7142857142857,2708,"2708 (1) (1).png",10000,"litter1.jpg",10000,10000,122.5,117.25,121.25,"Cryptic",83.5955555555555,5087.88888888889,4578,8819.5625,7233.4,7565.18181818182,7144.23529411765,8254.72222222222,1893.9375,2241.06666666667,2472.9375,3871.54166666667,7353.59090909091,8253.3,6923.5,9536.35,9232.42105263158,10000,8140.28571428571,4517.58823529412,1859.26315789474,1863.16666666667,5390.38888888889,2956.68181818182,1828.57142857143,3742.47368421053,6604.125,7181.92857142857,3933.57894736842,2079.94736842105,2756.55555555556,3726.26666666667,1968.58333333333,6946.6,5407.36842105263,4130.53846153846,4543.36363636364,7398,2863,1640.44444444444,2035.77272727273,2761.05263157895,8636.5,10000,7467.5,9207.26086956522,9141.78947368421,7035.5625,9024.46666666667,6826.63636363636,2732.23529411765,3277.38888888889,6739.26666666667,7445.75,2715.06666666667,5090.45454545455,5863.41666666667,7788.66666666667,6589.5652173913,3187.27777777778,6096.73333333333,30,1,0.033333333
"Cepora perimale","Cepora perimale",NA,"BN002330_DL16V155_Pieridae_Pierinae_Pierini_Cepora_nerissa",-1052.86764705882,2988,"2988 (1).png",4962.88235294118,"flower1.jpg",3756.84803921569,6498.02777777778,18,4,30.5,"Conspicuous",72.2766952316609,2846,"2846 (1).png",6015.75,"moss1.jpg",5917.15625,8234.84632034632,30,24,60.5,"Conspicuous",74.0826164651124,1455.73684210526,1482.52631578947,1574.86666666667,2361.7,2259.04761904762,2061.5625,4962.88235294118,2458.80952380952,1522.66666666667,1375.875,1862.69230769231,3410.42857142857,2052.1875,3076.42857142857,1589.57142857143,3235.84210526316,1741.09090909091,1944.8,1709.83333333333,1439.61111111111,1601.54545454545,1910.36363636364,2299.85714285714,1453.33333333333,1642.11111111111,2381.17647058824,2159.6875,3325.85185185185,1914.375,2213,2629.81818181818,2175.5,2407.4,1777.16666666667,3513.64,1792.47368421053,3837.25,2826.57142857143,1559.125,2322.64705882353,1692.30434782609,4858.14285714286,5640.5,4328.68421052632,2645.36842105263,6015.75,6007.38888888889,2915.29411764706,2082.66666666667,2502.05263157895,5516.58823529412,1852.28571428571,3151.13333333333,2596.11111111111,2070.21052631579,2082.73684210526,3776.21052631579,5297.15384615385,1823.68421052632,2535.69230769231,50,8,0.16
"Cethosia cydippe","Cethosia cydippe",NA,"BN004321_JT10K020_Nymphalidae_Heliconiinae_Acraeini_Cethosia_cydippe",-245.047619047618,1896,"1896 (1).png",8663.95238095238,"litter1.jpg",8010.76851851852,9514.93684210526,85,54,100.5,"Cryptic",84.5062052401027,20,"20 (1).png",8909,"litter1.jpg",7502.48888888889,10000,94,46,119.5,"Cryptic",83.5024727143074,2116.41666666667,1650.21052631579,2882.85714285714,6686.22222222222,1349.1875,2264.42105263158,2691.84615384615,2594.13333333333,1558.92307692308,1706.03571428571,1450,4080.22222222222,8663.95238095238,2365.21428571429,5072.7619047619,4989.85185185185,3185.95,2016.60869565217,1620.57142857143,1791.27272727273,1786.72,1391.57142857143,2394,2253.23529411765,1440.73333333333,1978.91304347826,2162.13636363636,1342.375,1927.38888888889,2227.40909090909,2315.4375,1544.2,2264.47368421053,3902.375,2746.05555555556,2319.4,2917.4,1992.17391304348,1561.05882352941,2207.47368421053,2871.69565217391,4263.13333333333,8909,4718.53333333333,5302.45833333333,7254.35294117647,5434.22222222222,3154.6,4284.76923076923,2646.94736842105,3293.33333333333,2064.23529411765,3854.35714285714,2125.05555555556,1469.76470588235,3965.66666666667,2566,2926.78571428571,1611.57894736842,3597.125,30,10,0.333333333
"Cupha prosope","Cupha prosope",NA,"BN004461_DL16V317_Nymphalidae_Heliconiinae_Vagrantini_Cupha_erymanthis",-2068.03921568628,2720,"2720 (1).png",7601.29411764706,"litter2.jpg",6757.92613636364,9110.15833333333,53,34,91.5,"Cryptic",79.8258036557243,2196,"2196 (1).png",9669.33333333333,"litter2.jpg",8809.6,10000,112,77.5,121,"Cryptic",84.8128102592388,3329.875,1553.85714285714,6575.6875,3224.42857142857,2104,2899.25,5202.28571428571,2396.47619047619,1533.5,2447.625,3161,3387.8,4570.42857142857,7601.29411764706,3604.11111111111,5407.22222222222,4126.5625,4304.31818181818,1617.05555555556,2213.6,1735.13043478261,2590.75,2058.47826086957,1909,3144.05555555556,1795.08333333333,3429.21739130435,2081.4375,2167.17647058824,2190.28571428571,3866.4,1468.5,6740.15384615385,3656.15384615385,3007.35,4978.26666666667,3997.5,1681.625,1941.04761904762,2796.38888888889,2925.22222222222,6107.52380952381,7622.95652173913,9669.33333333333,4470.27272727273,6442.4,6517.5,4536.08333333333,3220.84615384615,2846.41176470588,4630,2838.95833333333,3662,6085.61538461538,1652.94444444444,4288.81818181818,5577.71428571429,1585.2380952381,1757.5,4214.22222222222,60,29,0.483333333
"Danaus affinis","Danaus affinis",NA,"GCA0049599151_X_Nymphalidae_Danainae_Danaini_Danaus_chrysippus",-443.121848739496,346,"346 (1).png",6306.23529411765,"moss2.jpg",5936.90526315789,8128.64102564103,33,24.5,57.5,"Conspicuous",76.7412738093017,1873,"1873 (1).png",6749.35714285714,"moss1.jpg",6068.90079365079,8782.88333333333,37,26.5,78,"Cryptic",78.620186049465,2684.4,1603.92307692308,2151.78947368421,3403.82352941176,4491.45,3395.88888888889,3013.54545454545,2549.89473684211,2385,1948.7619047619,1728.0625,4126.625,5721.95238095238,5116.8125,3231.94444444444,6213.79166666667,6306.23529411765,4007.9,2030.45454545455,2857.64,3259,1913.63157894737,2012.82352941176,1466.75,3096.5652173913,1603.66666666667,2618.44,5050.72222222222,2076.38461538462,3535.15,1766.2,2007.0625,2171.83333333333,3005.1875,2840.45,3677.70833333333,3800.22727272727,1831.70588235294,2085.73913043478,1634.26315789474,1443,4866.86666666667,6299.30434782609,4871.25,2307.21052631579,6749.35714285714,4205.13333333333,3556.15384615385,2900.51724137931,2913.04761904762,3524.375,2091.2,2618.96,2528.10526315789,2661.89473684211,2987,4674.38095238095,2587.5,1774.52,5760.0625,50,31,0.62
"Danaus petilia","Danaus petilia",NA,"GCA0049599151_X_Nymphalidae_Danainae_Danaini_Danaus_chrysippus",-266.680555555556,3024,"3024 (1).png",7366.94444444444,"litter1.jpg",6786.92857142857,9200.64705882353,48,35.5,88.5,"Cryptic",83.267599260963,2989,"2989 (1).png",7633.625,"litter1.jpg",6344.84821428571,9189.85714285714,54,27.5,88,"Cryptic",78.1418208443377,2792.78947368421,1232.66666666667,3605.88461538462,2408.47368421053,2799.84,2517.41176470588,2450,3680.83333333333,2352.66666666667,1482,1486.78571428571,5000.92307692308,7366.94444444444,6392.42857142857,2982.78947368421,6575.47368421053,6805.90909090909,2384.9375,1421.15384615385,1427.06666666667,1973.53333333333,1332.78571428571,2263.5,2348.05263157895,1389.125,2811.85,4094.28571428571,2019.36842105263,1835.80769230769,3479.41666666667,2702.46153846154,2546.2,3753.52631578947,3495.5652173913,2881.04347826087,2299.75,4433.28571428571,1696.53333333333,1668.57142857143,2409.73684210526,2223.25,4985.75,7633.625,4347.69230769231,4008.35294117647,5478.30769230769,6049.05555555556,4362.13333333333,3770.5,1716.66666666667,2557.72222222222,2908.11111111111,2532.92307692308,2937.95833333333,1974.89473684211,3430.75,3934.82352941176,2690.94117647059,2928.14285714286,4338.66666666667,30,5,0.166666667
"Danaus plexippus","Danaus plexippus",NA,"DanausR_X_Nymphalidae_Danainae_Danaini_Danaus_plexippus",3037.83333333333,1298,"1298 (1).png",8295.5,"moss2.jpg",7499.33193277311,9662.98214285714,71,46.5,104,"Cryptic",82.9787234042553,3845,"3845 (1).png",5257.66666666667,"litter1.jpg",4886.275,7133.27272727273,22,14,40.5,"Conspicuous",68.8509297080907,4067.66666666667,2662.9375,5223.625,4539.125,3445.21739130435,3035.26666666667,6016.90909090909,3034.14285714286,1638.95,1966.5,2501.85185185185,4816.61904761905,7448.28571428571,7329.41379310345,4431.46666666667,5105.21739130435,8295.5,3784.68421052632,2211.08333333333,2931.11111111111,1412,2204.86363636364,3237.71428571429,1786.63636363636,3311.52941176471,5713.0625,3836.42857142857,2091.0625,1453.2,4572.52380952381,1951.3,2345.66666666667,3639.61111111111,3953.28571428571,3098.77777777778,2890.63157894737,3288.96428571429,2871,1929.71428571429,2248.3,2007.15,4003.1,5257.66666666667,3445.71428571429,3849.81818181818,4045.27272727273,5212.06666666667,3908,2379.26086956522,2719.3,2375.625,1809.64285714286,1933.66666666667,2081.8,1637.71428571429,3729,4421.59090909091,2023.95,1769.5,3629.75,100,33,0.33
"Delias argenthona","Delias argenthona",NA,"SRR4341246_X_Pieridae_Pierinae_Pierini_Delias_descombesi_oraia",706.857142857143,1180,"1180 (1).png",5022.35714285714,"flower1.jpg",3913.44230769231,6381.56206896552,19,4,27.5,"Conspicuous",74.1297944234227,3109,"3109 (1).png",4315.5,"depth1.jpg",3946.59210526316,6212.9,11,5,27,"Conspicuous",70.9014019232997,1790.375,1743.8125,1594.42105263158,2854.29411764706,1605.92857142857,2412.71428571429,5022.35714285714,2382.53333333333,2814.95,1299.29411764706,2014.66666666667,3107,3514.6,2232.42857142857,2521.2,2123.1875,2750.72222222222,2009,1712.94444444444,1753.8,1692.26666666667,1922.375,1481.29411764706,2085.625,2474.69565217391,2048.78260869565,2179.04,2104.89473684211,1513.28571428571,3778.47058823529,1810.85714285714,1756.62962962963,2659.64705882353,4315.5,1807.4,2446.5,3343.94736842105,3598.86363636364,1278.53846153846,1942.27272727273,2296.28571428571,2125,2611.375,3505.73333333333,3747.15,3971.26666666667,3792.8,2057.90476190476,1376.52631578947,1830.05263157895,2131.8,1255.75,3847.13636363636,1764.45,2002.07142857143,1934.55172413793,2158.55555555556,1897.05882352941,1697.84210526316,1808.5,30,6,0.2
"Delias mysis","Delias mysis",NA,"SRR4341246_X_Pieridae_Pierinae_Pierini_Delias_descombesi_oraia",307.839901477832,280,"280 (1).png",6006.48275862069,"flower1.jpg",5227.56535947712,7242.62031386225,29,15,41.5,"Conspicuous",79.1251859757093,2678,"2678 (1).png",5698.64285714286,"grass3.jpg",4416.775,7545.72727272727,26,10,46,"Conspicuous",72.7084142841027,1982.04761904762,1877.42105263158,2936.73913043478,2307.9,2701.36842105263,2600.33333333333,6006.48275862069,2861.64285714286,2168.66666666667,1977.8125,3077.38095238095,2490.73684210526,3590,2648.9,2493.21739130435,5144.85,3993.65,1253.84210526316,1587.8125,2385.09090909091,2089.23529411765,1488.58333333333,2155.47368421053,1509.89473684211,1351.05,2063.22727272727,1995.84210526316,4051.88888888889,1673.64285714286,1739.375,2385.5625,2078.21428571429,2241.47826086957,2471.04761904762,1637.84615384615,3230.73333333333,4357.52631578947,2570.42857142857,1631.28,2122.375,1730.35714285714,5698.64285714286,3220.625,1992.05,2232.05882352941,3839.375,2952.5,2441.85,1802.72,2217.35294117647,3038.89473684211,1555.25,2335.31818181818,2122.47826086957,2254.13043478261,1805.31578947368,1939.16666666667,1951.52380952381,1747.53846153846,2284.68421052632,50,11,0.22
"Delias nigrina","Delias nigrina",NA,"SRR4341246_X_Pieridae_Pierinae_Pierini_Delias_descombesi_oraia",509.866666666667,1255,"1255 (1).png",8415.26666666667,"flower1.jpg",7063.31428571429,9669.42105263158,76,37,104.5,"Cryptic",85.1372880783505,496,"496 (1).png",7905.4,"moss1.jpg",6996.59340659341,9183.23571428571,61,39,87.5,"Cryptic",85.2241390809964,2432.72222222222,1760.83333333333,1977.6,2364.54545454545,1400.15789473684,3020.44444444444,8415.26666666667,2595.38888888889,3530.5,2592.95238095238,1670.6875,2192.5,3091.6,1698.68421052632,1663.75,1884.58333333333,2342.6875,1359.44444444444,1612.57142857143,1609.5,1512.35294117647,1354.25,1863.3125,2286.28571428571,1679.05,1606.14285714286,2164.41176470588,3213.92857142857,1250.73684210526,2255.08695652174,3530.78571428571,1987.46153846154,3475.46666666667,3801.625,4079.80952380952,3784.64285714286,2644.5,1845.92857142857,1934,2061.64,2446,5204.53333333333,7300.8125,4990.61111111111,3006.13333333333,7905.4,6306.8,7085.77777777778,4505.84,1168.09090909091,3453.64705882353,1994,2903.89473684211,1437.38461538462,2162.38095238095,2811.89473684211,4067.90909090909,2704.875,2770.57142857143,5602.25,50,0,0
"Euploea corinna","Euploea corinna",NA,"BN004536_HD14B023_Nymphalidae_Danainae_Danaini_Euploea_phaenareta",-991.846153846154,1288,"1288 (1).png",7473.76923076923,"moss2.jpg",7018.68984962406,9198.22727272727,49,38.5,88.5,"Cryptic",80.7047382812366,2879,"2879 (1).png",8465.61538461538,"moss2.jpg",7021.9625,9741.05681818182,78,36.5,106,"Cryptic",83.6067243358503,2211.26666666667,2191.23076923077,3557.45,5913.38888888889,4863.64285714286,2365.6875,3240.58333333333,2987,2725.41176470588,1688.4375,1539.5,5749.4,7048.8,5855.47368421053,3262.6875,7410.27777777778,7473.76923076923,3184.35,4213.8,1722.95238095238,2190,2246.4,2005.64705882353,1652.18518518519,1442.08333333333,2263.91666666667,2954.61111111111,2703.35714285714,1747.92857142857,2811.89473684211,2416.33333333333,1903.83333333333,3332.5,5533.39130434783,6091.11111111111,3266.70588235294,3025.42857142857,3633.0625,2295.61904761905,2159.4,1636.52,2883.88888888889,6004.09090909091,3193,3078,4513.7,8465.61538461538,1956.86363636364,2965.59090909091,2015.76470588235,2083,1387.79166666667,2587.25,2610.57894736842,1392.71428571429,2059.21428571429,3601.45,2101.66666666667,1910.28571428571,3150,100,25,0.25
"Euploea tulliolus","Euploea tulliolus",NA,"BN004536_HD14B023_Nymphalidae_Danainae_Danaini_Euploea_phaenareta",-373.563467492259,854,"854 (1).png",7969.78947368421,"moss2.jpg",6989.56324110672,9243.66111111111,62,37.5,91.5,"Cryptic",78.1079537199688,2056,"2056 (1).png",8343.35294117647,"moss2.jpg",7507.66742081448,9310.53968253968,73,46,95,"Cryptic",81.4420275185097,2870.42857142857,2433.2,3155.17647058824,3650.35294117647,4760.1,4141.47619047619,5441.22222222222,2048.04545454545,2025.1,1870.84210526316,2376.28,4542,5703.13333333333,6138.31578947368,2824.6,7550.2,7969.78947368421,4037.78260869565,3105.23076923077,2076.4,1744.75,1774.5,1836.25,2025.77272727273,1790.91666666667,3282.23076923077,3447.35,3651.61538461538,2257.38461538462,3298.1875,2842.36363636364,2311.7,4800.26086956522,3984.11764705882,4557.4,4051.08,3060.4,1934.29411764706,1894.70833333333,2382.42857142857,1548.35714285714,6317.53333333333,6646,4125.41176470588,5221.63636363636,6751.15,8343.35294117647,5658.03448275862,6432.28571428571,3527.78571428571,4238.68181818182,3789.88888888889,3373.58823529412,3352.21428571429,2471.64285714286,2683,5218,4295.2,3806.05263157895,5998.91304347826,50,23,0.46
"Eurema hecabe","Eurema hecabe",NA,"DRR087481_X_Pieridae_Coliadinae_X_Eurema_mandarina",-2172.45833333333,2527,"2527 (1).png",5411.625,"grass3.jpg",4782.35416666667,7130.66964285714,24,13.5,38.5,"Conspicuous",74.5196086978227,2476,"2476 (1).png",7584.08333333333,"grass3.jpg",6059.9375,8870.36263736264,52,25,81.5,"Cryptic",78.8491248118318,3913.35294117647,1550.46666666667,3308.5625,3771.25,2186.78947368421,2219.35714285714,3155.22222222222,5092.75,2042.0625,2499.88235294118,1571.08333333333,5411.625,3527.8,3458.13333333333,2853.5,4002.33333333333,4773.15,1833.85,1378.90322580645,1870.3,3562.78947368421,2139.75,3148.13333333333,1482.44827586207,1890.5,2123.75,2649.55,2319.57142857143,1437.05882352941,1460.52631578947,3480.07692307692,2053.66666666667,3671.88888888889,3349.23529411765,1767.63157894737,2760.81818181818,2307.46153846154,3045.35,3223.26666666667,2539.2,2431.66666666667,7584.08333333333,3932.47368421053,6009.88235294118,3068.52941176471,3962.5,5192.5,1604.1,1773.46666666667,2264.09523809524,1958.13636363636,2711.40909090909,2722.67857142857,3519.09090909091,2051.47368421053,2103.06666666667,3217.11111111111,2105.72727272727,1925.9,2397.29411764706,70,24,0.342857143
"Eurema laeta","Eurema laeta",NA,"DRR087481_X_Pieridae_Coliadinae_X_Eurema_mandarina",-684.112044817927,1984,"1984 (1).png",6030.47619047619,"moss1.jpg",5785.64573268921,7840.34210526316,31,22.5,53,"Conspicuous",79.1830098202493,2062,"2062 (1).png",6714.58823529412,"litter2.jpg",6015.94758064516,8696.7675070028,36,24.5,75.5,"Cryptic",84.0764621368749,4562.82608695652,2595.05263157895,2254.42105263158,3855.5625,2272.5,2429.57142857143,4540.44,3789.8,2246.47368421053,2668.7619047619,1255.36363636364,5654.05263157895,5305.64705882353,5943.29411764706,2453.47619047619,6030.47619047619,6003.75,1417.7,1261,1997.61538461538,2401.5,3218.47058823529,2031.58823529412,2617.89473684211,2115.48148148148,2294.42105263158,3720.25,2100.8064516129,1923.9375,2165.61538461538,2924.72222222222,2007.9,3906.95454545455,2908.27777777778,3083.40909090909,2597.07692307692,3885.2,1603.14285714286,2397.95833333333,2674.73684210526,2256.61538461538,6668.82608695652,4964.65,6714.58823529412,3687.05555555556,5352.35,4965.12,3221.23529411765,2355.11764705882,1392.66666666667,3787.5,1990,3767.2,3894.58333333333,1069.2,3549.23076923077,2907.73684210526,1610.91304347826,1690.58823529412,1658.1,40,3,0.075
"Eurema smilax","Eurema smilax",NA,"DRR087481_X_Pieridae_Coliadinae_X_Eurema_mandarina",-1003.95356037152,3077,"3077 (1).png",5772.1052631579,"flower2.jpg",4913.44583333333,7720.06363636364,27,13,50.5,"Conspicuous",76.1525485547552,1100,"1100 (1).png",6776.05882352941,"moss1.jpg",6143.54736842105,8372.75,38,27,66.5,"Cryptic",81.8374018675903,3485.6,1577.14285714286,4799.91666666667,3017.94736842105,2631.63157894737,2887.3,3105.22727272727,5772.1052631579,2529.64705882353,2217.8125,2516.94444444444,4140.26315789474,4406.47368421053,4595.8,3031.25,4871.65,4444.71428571429,3161.58333333333,1419.29411764706,1691.09523809524,2053.22222222222,1721.1,3448.14285714286,3532.78947368421,1376.5,3062.15789473684,4252.18181818182,1793.75,2172.5,1754.33333333333,4473.07407407407,1704.63636363636,5011,5702.52380952381,2992.81481481481,2799.18181818182,4098.8,3055.3,2378.15,1448.93333333333,2257.2,6569.94117647059,3584.71428571429,5675.57894736842,2735.72,6776.05882352941,5230.83333333333,2604.9375,2512.76470588235,1688.6,1665.13636363636,1230.70833333333,3911.2,2561,1468.375,1924.33333333333,3678.93333333333,2376.6,1284.28571428571,2008.65,130,34,0.261538462
"Graphium choredon","Graphium choredon",NA,"RF140004_X_Papilionidae_Papilioninae_Leptocircini_Graphium_agamemnon_X_ME",-188.795454545455,2985,"2985 (1).png",4084.25,"flower1.jpg",3317.07602339181,6508.37698412698,7,2,29.5,"Conspicuous",68.3061872937615,2777,"2777 (1).png",4273.04545454545,"moss1.jpg",4002.96,6244.46527777778,10,4,27,"Conspicuous",69.5088663610157,2049.22727272727,1611.6,2060.36842105263,3677.66666666667,2375.84615384615,2596.13333333333,4084.25,2109.28571428571,2146.7,1446.88235294118,2204.73684210526,2024.66666666667,2588.6,3025.72222222222,1447.23529411765,3419.52173913043,3171.05882352941,2306.16666666667,2173.71428571429,1767.36363636364,1512.66666666667,1384.77777777778,1441.36363636364,1552.77777777778,1673.17647058824,1801.16,1294.45454545455,2120.91304347826,1295.04347826087,2057.62962962963,2056.95,1606.8,1656.44444444444,2157.91304347826,4001.65217391304,2563.81818181818,3747.76470588235,2051,1494.78571428571,1950.95652173913,1338.75,3977.26666666667,3807.95,2937.84615384615,2675.88235294118,4273.04545454545,3256.84615384615,2740.66666666667,2620.57894736842,1494.80952380952,2075.13636363636,1518.5,2032.05263157895,1302.9,1872,1932.19047619048,2594.875,2855.54838709677,1782.91666666667,3888.95454545455,31,6,0.187878788
"Heteronympha merope","Heteronympha merope",NA,"BN001816_DL14E002_Nymphalidae_Satyrinae_Satyrini_Heteronympha_merope",947.572727272728,3618,"3618 (1).png",8731.77272727273,"moss2.jpg",8076.03875,9645.09166666667,86,58,104,"Cryptic",76.7515708046372,1545,"1545 (1).png",7784.2,"grass3.jpg",6888.49074074074,9303.625,57,35.5,90,"Cryptic",83.5490939522182,3082.31818181818,2030,7865.17647058824,3937.53333333333,4130.3,3918.6875,4529.125,3817.75,2210.77272727273,2590.78571428571,5436.66666666667,5815.88235294118,5341.83333333333,5752.65,3207.91666666667,6669.42857142857,8731.77272727273,6477.85,3306.41176470588,3521.09090909091,3811.7,2044.6875,3086.44444444444,3739.66666666667,3737.96,4528.29166666667,4287.64705882353,2166.63636363636,3042.69230769231,3933.75,3792,2893,4206.54545454545,3139.9375,3208.6,2036.94444444444,3715.36842105263,2748.57142857143,2527.05555555556,1819.90476190476,2264.07142857143,7784.2,4470.28571428571,5653.31818181818,2222.85,7370.66666666667,5269.66666666667,4143,1989.86363636364,1816.41666666667,2796.27777777778,1324.75,1811.92857142857,3743.25,2976.375,3367.42857142857,3927,1847.23076923077,1280.57142857143,2759.85,50,23,0.46
"Heteronympha mirifica","Heteronympha mirifica",NA,"BN001816_DL14E002_Nymphalidae_Satyrinae_Satyrini_Heteronympha_merope",-1814.68981481481,1625,"1625 (1).png",7284.18518518519,"moss2.jpg",6629.52556818182,8805.70779220779,45,31,76.5,"Cryptic",80.6822201609488,1648,"1648 (1).png",9098.875,"smallrock3.jpg",8620.60714285714,10000,98,72,118,"Cryptic",81.3127080728845,3290.86666666667,2123.95,5493.2,5399.66666666667,1420.63636363636,2564.30769230769,5698.53846153846,2301.46153846154,1675.57894736842,1578.375,2316.94117647059,3698.17647058824,6695.06666666667,6443.48,3080.21428571429,4907.22222222222,7284.18518518519,2759.29411764706,1629.92857142857,1866.2,1407.14285714286,2243.33333333333,2619.83333333333,3085.40909090909,4262.57142857143,3723.05263157895,3215.5,2465.75,1946.14285714286,4737.54545454545,3167.25,2303.61111111111,6234.63157894737,3736.32142857143,4796.92857142857,3823.63157894737,6283.66666666667,2777.88888888889,1779.36363636364,2052.66666666667,3064.39130434783,8357.06666666667,7414.3,6213.76470588235,4444.90909090909,8519.5,7874.22727272727,8276.15789473684,3755.62962962963,4843.4,4722.625,1922.375,4263.25,4793.40740740741,1988.53333333333,5382.11764705882,9098.875,3335.66666666667,1700.33333333333,3435.6875,30,6,0.2
"Hypocysta metirius","Hypocysta metirius",NA,"BN005507_DH18R117_Nymphalidae_Satyrinae_Satyrini_Hypocysta_calypso",569.81212121212,1372,"1372 (1).png",9367.26666666667,"litter3.jpg",8965.61904761905,10000,105,82,120,"Cryptic",82.6429623725171,1265,"1265 (1).png",8797.45454545455,"moss3.jpg",8387.69852941177,9910.13574660633,90,63,113.5,"Cryptic",81.9869224728068,4355.53333333333,3588.28,7434.36363636364,7726.84210526316,5194.52631578947,6798.9375,7603.95238095238,2605.72727272727,1625.88,2501,3406.16666666667,7425.75,8099.06666666667,6195.88888888889,9367.26666666667,8862.41666666667,8775.16666666667,7164.78947368421,6289.53846153846,3379.0625,3120.88888888889,6523.70588235294,7138.53333333333,3390.77777777778,5880.45,5427.52631578947,7570,5700.93333333333,2577.05263157895,5525.27777777778,3462.75,1685.36363636364,5358.20833333333,3793.625,5371.04347826087,4867.9375,5379.05,2946.3125,2126.19047619048,1584.69230769231,3820.4,8151.25,7244.88235294118,5229.28,4179.22222222222,8064.6,4229.88888888889,8797.45454545455,2461.45454545455,4597.59090909091,4690.6,3211.05882352941,3325.625,4278.91304347826,2878.16666666667,4391.91304347826,7134.11538461538,2715,2157.9375,2849.52631578947,110,41,0.372727273
"Hypolimnas bolina_Female","Hypolimnas bolina","female","BN007178_LEP37028B_Nymphalidae_Nymphalinae_Kallimini_Hypolimnas_bolina",-90.173913043478,1921,"1921 (1).png",8084.78260869565,"moss2.jpg",6892.66123188406,9174.40476190476,66,35,90.5,"Cryptic",82.8644124764722,543,"543 (1).png",8174.95652173913,"moss2.jpg",7722.14714285714,9881.01587301587,68,49,111.5,"Cryptic",81.5167212696252,2380.53333333333,2484.78571428571,3614.42105263158,5581.33333333333,5275.14285714286,2893,4247,1576.38461538462,2101.05,2032.28571428571,1402.78947368421,3737.83333333333,3599.23076923077,1814.46153846154,1835.64285714286,5573.90476190476,8084.78260869565,1900.45454545455,2594.83333333333,1385.375,2293.5,1641.42105263158,1812.36842105263,2424.66666666667,1782.94117647059,2862.90476190476,1761.63636363636,2057.95652173913,2377.2,2124.80952380952,4910.52380952381,2637,3754.66666666667,6000.5,5153.36842105263,3314.86363636364,3434.73333333333,1866.72727272727,1745.625,1929.04761904762,1665.15384615385,4419.19047619048,5023.17647058824,6398,4962.18181818182,8045.53333333333,8174.95652173913,1964.25,4497.4,2233.2,2049.6,2643.28571428571,1511,2181.85,1745.8,3484.375,3118.5,5762.09090909091,2492.03333333333,4795.2,20,0,0
"Hypolimnas bolina_Male","Hypolimnas bolina","male","BN007178_LEP37028B_Nymphalidae_Nymphalinae_Kallimini_Hypolimnas_bolina",-1209.27470355731,1071,"1071 (1).png",6965.68181818182,"depth1.jpg",6298.50511508951,8623.48412698413,40,29,72,"Cryptic",81.2645763320174,543,"543 (1).png",8174.95652173913,"moss2.jpg",7722.14714285714,9881.01587301587,68,49,111.5,"Cryptic",81.5167212696252,3335.31578947368,2953.45,3046.86666666667,6965.68181818182,4856,3567.83333333333,3277.94736842105,2383.83333333333,2954.19047619048,3280.375,1834,2860.375,4808.79166666667,2410.64285714286,1906.35714285714,4731.13333333333,6139.6875,3554.25,2223.26315789474,1414.14285714286,2055.13333333333,1629.55,2458.73333333333,1324.63157894737,1305.05,2381.90909090909,2861.48,1680.38461538462,1588.4347826087,1861.75,4910.52380952381,2637,3754.66666666667,6000.5,5153.36842105263,3314.86363636364,3434.73333333333,1866.72727272727,1745.625,1929.04761904762,1665.15384615385,4419.19047619048,5023.17647058824,6398,4962.18181818182,8045.53333333333,8174.95652173913,1964.25,4497.4,2233.2,2049.6,2643.28571428571,1511,2181.85,1745.8,3484.375,3118.5,5762.09090909091,2492.03333333333,4795.2,30,9,0.3
"Hypolycaena phorbas","Hypolycaena phorbas",NA,"TN04X153_X_Lycaenidae_Theclinae_Hypolycaenini_Hypolycaena_phorbas_X_ME",1225.2962962963,1906,"1906 (1).png",6857.2962962963,"rock3.jpg",5941.18421052632,8017.94871794872,39,24.5,58,"Cryptic",81.8742944795217,18,"18 (1).png",5632,"tree3.jpg",4437.40746753247,7983.625,25,9.5,57.5,"Conspicuous",78.155579229798,2017.21428571429,1562.45,2079.95,2124.93333333333,2920.36842105263,3087.16,3059.58064516129,2266.54166666667,1876.5,1747.23529411765,1242.93333333333,4668.4375,5131.41176470588,3705.45454545455,2787.2380952381,4381.38888888889,4723.45454545455,3824.72222222222,4197.33333333333,1816.11111111111,6857.2962962963,2334.13333333333,2129,1709.46666666667,1904.70588235294,3257.125,5116.61538461538,3360,3030.42105263158,5696.68181818182,2211.8125,1727.52631578947,1395.91666666667,2699.68421052632,3652.55555555556,2641.35,2174.58333333333,2252.88888888889,2529.375,1546.4,1230.27777777778,3541.33333333333,4293.47826086957,3916.35,2869.83333333333,3831.07692307692,3746.52380952381,3178.22222222222,3027.23076923077,1414.47368421053,2925.375,2586.4,2676.75,2413.90476190476,2368.73684210526,2891.47368421053,3281.60869565217,3770.72,1607.0625,5632,30,14,0.466666667
"Junonia hedonia","Junonia hedonia",NA,"SRR1145747_X_Nymphalidae_Nymphalinae_Junoniini_Junonia_coenia",-361.143939393938,2563,"2563 (1).png",8468.27272727273,"litter3.jpg",8355.28693181818,9851.85606060606,79,64.5,111.5,"Cryptic",82.511191506264,2693,"2693 (1).png",8829.41666666667,"litter1.jpg",8237.175,9900.42857142857,91,62,114.25,"Cryptic",79.3700980623484,3241.25,3131.07692307692,5398.44444444444,4533.72222222222,4497.73333333333,5550.39130434783,7110.73333333333,2663.83333333333,1636.26315789474,1884.75,1899.23529411765,4557.8947368421,8018.66666666667,6047.31578947368,8468.27272727273,8432,7054.21428571429,4400.64285714286,4411.52380952381,1793.15,3122.72727272727,1666.63636363636,3271.45,1481,8069.6875,7188.04347826087,7502.2,4433,2127.72727272727,6185.16666666667,3043.33333333333,4605.3125,5128.47368421053,4678.9375,3999.57894736842,4468.5625,4940.125,2316.84615384615,1821.5,2194,2397.13636363636,5209.46153846154,8829.41666666667,7379.23529411765,8597.43333333333,7857.92307692308,7633.75,7038.85,6206.73333333333,3082.875,2964.2,4335.64285714286,5664.73684210526,3040.82352941176,4491.07142857143,5946.2380952381,7606.11111111111,6380.21052631579,4107.61538461538,5669.63636363636,50,5,0.1
"Junonia villida","Junonia villida",NA,"SRR1145747_X_Nymphalidae_Nymphalinae_Junoniini_Junonia_coenia",1668.93606138107,1796,"1796 (1).png",8358.34782608696,"moss1.jpg",8216.13425925926,9907.42857142857,74,62,113.75,"Cryptic",78.0835018956761,1032,"1032 (1).png",6689.41176470588,"litter1.jpg",5594.3358974359,8259.82291666667,35,20.5,63.5,"Cryptic",82.016355962012,4707.52941176471,2261.2,4737.57894736842,2722.25,4703.66666666667,4210.23529411765,3446.21428571429,3476.69230769231,2562.95238095238,2560.25,3580.84210526316,7696.6,7020,6842.60869565217,4629,8358.34782608696,8071,8354.38461538462,5031.21428571429,4081.60869565217,4312.3,3726.86666666667,8125.94736842105,5970.4,1831.85714285714,3909.54545454545,6856.27272727273,4317.57142857143,2794,4324.38095238095,1676.5,1203,2644.57894736842,2458.875,3247.7619047619,2971.14285714286,4196.61904761905,1658.6,1725.8,1628.1875,1403,5301.52380952381,6689.41176470588,4933.63636363636,2163.38095238095,5372.66666666667,4578.7,2590.85714285714,2088.36363636364,1957.78947368421,3783.72727272727,2090.79166666667,2473.4375,2222.38888888889,2076.81818181818,2452.36363636364,3950.35,3034.4375,1682.25,4930.95833333333,100,9,0.09
"Lampides boeticus","Lampides boeticus",NA,"BN001093_BNSZS00308_Lycaenidae_Polyommatinae_Polyommatini_Lampides_boeticus",1247.34065934066,3085,"3085 (1).png",7321.57142857143,"litter1.jpg",6234.88205128205,9387.98611111111,46,28,95.5,"Cryptic",81.3676362855891,1010,"1010 (1).png",6074.23076923077,"litter1.jpg",5626.94444444445,8094.68181818182,32,20.5,59,"Conspicuous",76.1152884189198,3630.9375,1542.8125,1364.18181818182,3072.68181818182,4082.88888888889,2779.33333333333,3718.76923076923,2592.19047619048,1629.1,1721.63636363636,1528.88888888889,4216.38461538462,7321.57142857143,4037.3,3110.60869565217,5703.26923076923,5679,3516.6,3687.57894736842,1719.04761904762,6610.15384615385,1538.9,2273.10526315789,2735.28571428571,1546,2572.2380952381,3868.30769230769,3547,2072.77777777778,5232.36363636364,1829.25,1735.375,3685.19047619048,3717.6875,2975.64705882353,2228.81818181818,3196.05555555556,2078.84210526316,1509.42307692308,2426.23076923077,1758.05263157895,4936,6074.23076923077,4222.86666666667,1991.1875,4710.875,5585.35294117647,3271.1,2761.5,1450.8125,2542.9,1497,2032.53846153846,2109,2412.8,2429.41176470588,3958.38095238095,3343.39130434783,1805.7,5992.55555555556,101,58,0.572727273
"Leptotes plinius","Leptotes plinius",NA,"BN002865_LEP46014_Lycaenidae_Polyommatinae_Polyommatini_Leptotes_cassius",-115.721428571428,1006,"1006 (1).png",7732.85,"tree3.jpg",7137.29545454545,9401.275,56,39,94,"Cryptic",81.2258381091347,1046,"1046 (1).png",7848.57142857143,"moss1.jpg",7346.43198529412,9259.96447368421,60,41,90.5,"Cryptic",80.0890227355462,2783.91304347826,1714.03703703704,2237.1875,2129.25,3082.75,3339.94736842105,3731.54166666667,2100.70588235294,2110.17391304348,1766.53333333333,1514.47368421053,2903,7713.84615384615,4000.59090909091,2659.45454545455,3883.45,3547.47058823529,2717.24,4053.91666666667,1912.36363636364,4242.05882352941,1865.42857142857,2423.52631578947,1972.7619047619,1451.77777777778,1745.41176470588,3120.4,4281,3369.47826086957,7732.85,3258.92,1869,3840,3852.92857142857,4598.375,2538.9,3719.38888888889,2210.78947368421,1562.72727272727,1720.85714285714,1999.88888888889,6562.84615384615,5790.75862068965,6328.375,2474,7848.57142857143,4764.64705882353,5571.75,5334.15,2211.29166666667,7446.23529411765,2299.94117647059,2354.5625,2410.75,1830,2961.83870967742,3376.95238095238,4019.26315789474,3297.82608695652,5668.875,100,64,0.64
"Melanitis leda","Melanitis leda",NA,"ME11B073_X_Nymphalidae_Satyrinae_Melanitini_Melanitis_leda_X_ME",-1656.75526315789,649,"649 (1).png",8288.35,"moss1.jpg",8161.79830917874,10000,70,57.5,119,"Cryptic",76.0089578931689,1383,"1383 (1).png",9945.1052631579,"litter1.jpg",9854.38636363636,10000,119,108,120,"Cryptic",82.2168800309065,3724.77272727273,2402.4,6564.15789473684,5911.41666666667,4710.125,6658.26666666667,8047.3125,2566.16666666667,2131.64285714286,2743,2021.5652173913,7358.74074074074,7554.5,6905.22222222222,7009.58333333333,8288.35,8167,5024.2,4899.33333333333,2904.81818181818,3830.54545454545,2730.52941176471,6125.26666666667,1988.46153846154,5417.68421052632,5060.76923076923,7035.875,3753.68421052632,2278.88,4782.45833333333,3673.16666666667,3070.82608695652,5565.86666666667,2902.07142857143,2589.68421052632,3556.78947368421,6545.13333333333,3017,1768.55,2302.52173913043,2252.88235294118,6121,9945.1052631579,9259.04545454545,8246.34782608696,4715.46153846154,5670.86956521739,5598.05,4918.76923076923,3291.91666666667,4689.29411764706,2403.51851851852,7005.15,7859.14285714286,5071.92,7772.21428571429,8193.41666666667,3135.3125,2582.45,7921.70588235294,100,18,0.18
"Mesodina halyzia","Mesodina halyzia",NA,"BN000481_115_Hesperiidae_Trapezitinae_X_Mesodina_halyzia",NA,NA,NA,NA,NA,NA,NA,NA,NA,NA,NA,NA,3714,"3714 (1).png",9278.80769230769,"litter1.jpg",9043.97101449275,9994.48148148148,101,87.5,115.75,"Cryptic",75.7154597422929,NA,NA,NA,NA,NA,NA,NA,NA,NA,NA,NA,NA,NA,NA,NA,NA,NA,NA,NA,NA,NA,NA,NA,NA,NA,NA,NA,NA,NA,NA,2832.41176470588,2383.2380952381,4582.66666666667,2856.375,3835.10526315789,3935.88,6834.6,2451.57142857143,2270.26086956522,2354.69230769231,4307.53333333333,8210.61904761905,9278.80769230769,8255.71428571429,4604.76470588235,8823.33333333333,8200.16,8036.23529411765,6246.85714285714,2253.31578947368,6156.04761904762,3044.05555555556,5464,2335.93333333333,2426.5,4182.82352941176,9219.95454545455,3076.2380952381,4143.22222222222,7285.46153846154,30,4,0.133333333
"Mycalesis perseus","Mycalesis perseus",NA,"BN004362_DL02P763_Nymphalidae_Satyrinae_Satyrini_Mycalesis_francisca",223.632352941177,2606,"2606 (1).png",8777.75,"smallrock3.jpg",8462.89102564103,9841.96428571429,87,69,110,"Cryptic",81.1823997634712,2324,"2324 (1).png",8554.11764705882,"moss3.jpg",8323.98689516129,9668.23798076923,82,62.5,103,"Cryptic",78.6466785861642,3584.13636363636,2243.08333333333,3344.25,4031.85,3525.86363636364,3701.82608695652,5070.22222222222,2014.77777777778,1651.7619047619,2446.11764705882,2414.15384615385,5659.05882352941,8688.90909090909,7049.58333333333,6663,8350.27272727273,5314.68421052632,7654.58333333333,6911.07142857143,3691.88,7206.33333333333,7850.58823529412,8069.95454545455,3423.9375,2901.27777777778,5906.08333333333,8777.75,7000.2,4815.77777777778,7564.96,3722.60714285714,2370.55555555556,4252.85,4675.77777777778,3514.75,5970.54545454545,5382.90909090909,2366.90909090909,1826.58823529412,2267.04761904762,2020.69230769231,5662.13043478261,7665.83333333333,6974.36363636364,6727.36842105263,8105.52631578947,7182.73684210526,8554.11764705882,5993.27777777778,3992.06666666667,5242.90476190476,6150.125,8333.11111111111,2373.33333333333,3589.77777777778,6004.04761904762,8117.52631578947,5037.15,3661.85714285714,7897.5,100,16,0.16
"Mycalesis sirius","Mycalesis sirius",NA,"BN004362_DL02P763_Nymphalidae_Satyrinae_Satyrini_Mycalesis_francisca",259.722222222223,359,"359 (1).png",8784,"litter1.jpg",8148.56166666667,10000,88,60,119,"Cryptic",81.1559294410891,2341,"2341 (1).png",8524.27777777778,"litter3.jpg",8102.01571428572,9648.03333333333,80,56.5,104.5,"Cryptic",78.0356758800029,3265.1,2975.57142857143,6127.25,6527.34782608696,2192.35294117647,5671.69230769231,6769.8947368421,3041.17647058824,2911.89473684211,2872.15789473684,1655.26315789474,4971.46153846154,8784,8408.5625,7111.33333333333,7807.88,6993.11764705882,3886.28571428571,3779.21428571429,3109.55,2996.64285714286,2928,6353.13333333333,1916.16666666667,7161.05882352941,7230.29411764706,5908.5,3805,1984.55555555556,4972.76470588235,5347.53333333333,2748.41666666667,5782.40740740741,3776.5,3652.05882352941,4566.60869565217,7312.28571428571,1875.3,2524.55,2691.5,2925,4947.9,8426.16666666667,5698.58823529412,8524.27777777778,7406.5,3893.46153846154,3797.84615384615,2886.86666666667,3309,5018.84615384615,2299.21739130435,5301.17647058824,1872.3,5853.68181818182,6616.95454545455,5234.38461538462,3621.27777777778,1904.16666666667,4784.6875,99,25,0.25
"Mycalesis terminus","Mycalesis terminus",NA,"BN004362_DL02P763_Nymphalidae_Satyrinae_Satyrini_Mycalesis_francisca",-2045.73202614379,2622,"2622 (1).png",7668.44444444444,"moss2.jpg",7193.66433566434,9142.89583333333,55,41.5,88,"Cryptic",80.7392488698273,567,"567r.png",9714.17647058824,"litter2.jpg",9470.0862745098,10000,114,100,119.5,"Cryptic",81.9868072334147,3462.94444444444,1793.88461538462,4549.57894736842,4755.27272727273,3340.75,2925.78947368421,6016.80952380952,2235.34615384615,1758.19047619048,2132.19047619048,1586.75,5389.21052631579,6792.27777777778,5753.76470588235,6771.1875,7052,7668.44444444444,1974.05,1477,1882.875,2425.96153846154,2346.625,4250.27777777778,2215,5375.66666666667,4943.3125,4619.33333333333,2695.6,1490,2467.5,2694.22222222222,2296.58333333333,3499.14285714286,3074.18181818182,3250.375,3296.36842105263,3536.63157894737,1858.27777777778,1749.83333333333,2481.31578947368,1811.90476190476,5920.4,9623.8125,9714.17647058824,2878.26315789474,8027.64285714286,4672.28571428571,4983.81818181818,3789.61904761905,2620,3242.8125,2158.375,3863.625,3541.25,1951.84210526316,4825.11111111111,6582.66666666667,2525.75,2537.82352941176,5422.82352941176,110,20,0.181818182
"Nacaduba berenice","Nacaduba berenice",NA,"BN003931_KD93C025_Lycaenidae_Polyommatinae_Polyommatini_Nacaduba_kurava",NA,NA,NA,NA,NA,NA,NA,NA,NA,NA,NA,NA,2800,"2800 (1).png",8835.36,"litter1.jpg",7902.25231481482,9859.16381766382,92,56,110.5,"Cryptic",84.2804933811412,NA,NA,NA,NA,NA,NA,NA,NA,NA,NA,NA,NA,NA,NA,NA,NA,NA,NA,NA,NA,NA,NA,NA,NA,NA,NA,NA,NA,NA,NA,2506.77272727273,1486.86363636364,3091.80952380952,3704.6,4314.36,2031.08695652174,3432.55555555556,2152.26666666667,1495,1652,2359.30769230769,6602.17647058824,8835.36,5271.15384615385,3511.5,7061.08695652174,5622.06666666667,6907.21428571429,5326.11764705882,2900.23076923077,5405.625,1887.73684210526,2370.94117647059,3787.91304347826,1388.875,4603.09523809524,5582.82608695652,2749.07142857143,3301.15384615385,6737.51851851852,40,13,0.325
"Nacaduba cyanea","Nacaduba cyanea",NA,"BN003931_KD93C025_Lycaenidae_Polyommatinae_Polyommatini_Nacaduba_kurava",-435.6375,1867,"1867 (1).png",2934.05,"depth3.jpg",2918.89456521739,4824.20392156863,2,1,13,"Conspicuous",53.2668525402267,14,"14 (1).png",3369.6875,"moss2.jpg",3231.65944272446,5246.79166666667,4,1,18,"Conspicuous",61.8834860084976,1961.94444444444,2210.23333333333,1937.82352941176,2793.81818181818,2286.5,2934.05,2272.58823529412,2702.375,2111.92857142857,2854.46666666667,1495.8125,2352.95238095238,2417.68181818182,1960.7,1777.33333333333,1519.11111111111,2778.23529411765,2060.41666666667,1994.82608695652,2729.8,1843.4,1371.17391304348,1572.66666666667,1701.63636363636,2188.52941176471,1713.25,1405.76470588235,1537.44444444444,1460.17647058824,1671.15,1867.57894736842,1794.27777777778,1742.23529411765,2750.3,2417.1,2242.1875,2572.84210526316,1881.93333333333,1586.35294117647,1992.28571428571,1284.40740740741,2378.65384615385,2103.64705882353,1838.5625,2980.82352941176,3134.90909090909,3369.6875,2376,1933.76470588235,1818.83333333333,2151.72222222222,2145.61538461538,2290.57894736842,1955.94444444444,2209.64705882353,2134.82352941176,1499.89473684211,2324.21428571429,1318.8,2091.26086956522,40,7,0.175
"Notocrypta waigensis","Notocrypta waigensis",NA,"SRR7174518_X_Hesperiidae_Hesperiinae_Erionotini_Notocrypta_feisthamelii",-789.161125319693,1918,"1918 (1).png",7193.95652173913,"moss1.jpg",6991.96533613445,8724.21263157895,43,35,75,"Cryptic",76.9224696454149,747,"747 (1).png",7983.11764705882,"moss2.jpg",7104.5405982906,9228.58241758242,63,39.5,89,"Cryptic",82.1891996871549,2955.35294117647,2274.19047619048,2191.38888888889,3130.52941176471,3500.10526315789,3735.5,3718.85714285714,1825.40909090909,2274.25,2159.55,1899.52941176471,5439.19047619048,6826.05,2662.68421052632,4422.63157894737,7193.95652173913,5144,2764.2,4038.70833333333,2498.5,2829.76470588235,2160.75,2053.76470588235,2113.58823529412,2259.77272727273,2856.57142857143,3135.47058823529,7190.625,1660.1875,4139,2720.4375,2537.25,2858.05263157895,3497.61904761905,5822.5,4159.1875,3657.65,1836.22727272727,1846.61111111111,1850.33333333333,1501.91666666667,6074.9,6035.41666666667,4484.72222222222,3876.13043478261,7167.31578947368,7983.11764705882,3197.29411764706,5786.05882352941,2092.46153846154,4489.88888888889,3230.6,3127.55555555556,1421.85714285714,2281.5,3143,3979,6631.52941176471,1945.08695652174,4138.6,30,0,0
"Ocybadistes flavovittatus","Ocybadistes flavovittatus",NA,"DL02Q800_X_Hesperiidae_Hesperiinae_Taractrocerini_Ocybadistes_flavovittata_X_ME",NA,NA,NA,NA,NA,NA,NA,NA,NA,NA,NA,NA,3640,"3640 (1).png",9405.46153846154,"moss1.jpg",8992.48412698413,10000,107,86,119.5,"Cryptic",84.0635146518798,NA,NA,NA,NA,NA,NA,NA,NA,NA,NA,NA,NA,NA,NA,NA,NA,NA,NA,NA,NA,NA,NA,NA,NA,NA,NA,NA,NA,NA,NA,2116.75,2271.41666666667,4272.54545454545,3490.92307692308,4029.4,2850.85714285714,2731.85714285714,2831.9,2987.05555555556,2296.125,2364.8,8723.82352941176,9150.4,6184.35,3296.69230769231,9405.46153846154,8001.56,8106.61904761905,2228.53846153846,2390.74074074074,3856.66666666667,1563.6,1846.47058823529,4011.9375,1498.9,3072.7619047619,6643,1792.42857142857,2190.7,4576.78571428571,60,27,0.441919192
"Ocybadistes walkeri","Ocybadistes walkeri",NA,"BN000549_127_Hesperiidae_Hesperiinae_Taractrocerini_Ocybadistes_walkeri",1275.80128205128,1593,"1593 (1).png",9814.38461538462,"moss1.jpg",9562.23636363636,10000,115,101.5,120,"Cryptic",83.3929235829392,1687,"1687 (1).png",8538.58333333333,"grass3.jpg",7662.46172248804,9899.07222222222,81,48.5,110,"Cryptic",78.9426427100514,2773.15789473684,3263.94117647059,7470.05882352941,4852.4375,6612.64705882353,4320.45454545455,5378.15,3750.91304347826,1786.75,2466.04,2905.15789473684,9294.1875,8406.15384615385,5351.33333333333,5102.3125,9814.38461538462,8364.66666666667,9031.33333333333,3027.84210526316,1714.1,2677.66666666667,2065.36363636364,3933.47058823529,3681.4,1629.88235294118,2914.61538461538,6856.17647058824,1732.72727272727,1890.52,4225.26666666667,4378.69230769231,2992,5503.55,5071.22727272727,5571.17391304348,3070.5,3681.93333333333,3250.73684210526,2573.22222222222,3734.70588235294,2742.05263157895,8538.58333333333,7495.33333333333,5425.76923076923,3537.77777777778,7838,6581.85714285714,5366.7,2466.44444444444,3235.57142857143,4286,1798.8,3180.55555555556,5622.875,2326.125,2641.15,7478.77777777778,2269.26666666667,1798,5609.72727272727,90,21,0.233333333
"Pantoporia consimilis","Pantoporia consimilis",NA,"BN003337_DL16V052_Nymphalidae_Limenitidinae_Neptini_Pantoporia_hordonia",1708.92857142857,59,"59 (1).png",9876.5,"moss1.jpg",9720.45714285714,9987.44444444445,116,105,117.25,"Cryptic",86.853353197706,263,"263 (1).png",8167.57142857143,"litter1.jpg",7649.85416666667,10000,67,48,118.25,"Cryptic",78.0861012482582,3378.41176470588,2500.22727272727,5622.6,4028.09523809524,4343.13333333333,3652.4,5861.21428571429,2994.94117647059,2551.76923076923,2210.23076923077,1778.08333333333,4585.7,8089.1052631579,6672,4985.35714285714,9876.5,8137.82352941176,3670.15,1849.85,2527.83333333333,1298.42857142857,3608.91666666667,2788.64285714286,1917.2,3323.22727272727,2977.70588235294,4908.8125,3056.7,2180.17647058824,2112.86956521739,3775.31818181818,2396.125,4718.88235294118,2301.58823529412,4419.66666666667,3273.23076923077,4003.33333333333,2741.41666666667,1789.83333333333,2712.88235294118,2559.35294117647,7315.2380952381,8167.57142857143,6683.21052631579,2845.59090909091,6749.5652173913,6286.75,5974.61904761905,2105.76470588235,3497.81818181818,3530.05555555556,2283.71428571429,3074,4015.31818181818,2373.22222222222,3256.5,6822.88461538462,1896.29411764706,1864.90476190476,2597.89473684211,90,47,0.522222222
"Papilio aegeus","Papilio aegeus",NA,"SRR5879306_X_Papilionidae_Papilioninae_Papilionini_Papilio_ambrax",430.986666666667,1388,"1388 (1).png",7514.32,"moss2.jpg",6330.81845841785,8703.44017094017,50,30,77,"Cryptic",84.4672329873918,3369,"3369 (1).png",7083.33333333333,"moss2.jpg",6579.76347826087,8741.42879256966,42,31,73,"Cryptic",79.4991596638656,2423.27272727273,2297.73684210526,2480.31578947368,5677.88,5487.04166666667,2867.13333333333,4086.625,4270.15789473684,2237.79166666667,1536.2,1584.33333333333,3007.75,4653.76666666667,2865.5,1769.78947368421,4104.05882352941,7514.32,2709.125,1890.09523809524,2140,2678.15789473684,2116.94444444444,2068.375,1214,1496.35,2886.47058823529,2319.27777777778,3079.0625,1167.18181818182,2236.63157894737,4833.61538461538,3948.70833333333,3425.875,6934.45454545455,5426.53846153846,3991.64705882353,3753.36363636364,3233.5,2384.11111111111,2204.2,1726.7,2666.38095238095,4010.29411764706,3514.89473684211,2291.64285714286,6029,7083.33333333333,1596.36363636364,2517.69230769231,1470.11111111111,1622.33333333333,2587.66666666667,1452.14285714286,2459.5625,2446.57894736842,2236.2,3354.33333333333,2235.11111111111,1511.17647058824,3069.13636363636,50,14,0.28
"Papilio demoleus","Papilio demoleus",NA,"SRR5879306_X_Papilionidae_Papilioninae_Papilionini_Papilio_ambrax",490.366666666667,1849,"1849 (1).png",7847.5,"depth2.jpg",6634.4387254902,9267.63602941177,59,33.5,91,"Cryptic",81.8923223956674,2821,"2821 (1).png",7357.13333333333,"depth2.jpg",5983.1452991453,8993.75,47,25,87,"Cryptic",82.2213362088495,2737.81818181818,1720.76923076923,1715.29411764706,4408.04761904762,7847.5,3157.6,3515.77419354839,2387.57142857143,2429.80952380952,2004.4,1607.47368421053,3655.95454545455,3451.07692307692,2933.23076923077,1421,6456.72727272727,6742.28,2450.14285714286,1765.83333333333,1460,1721.33333333333,1756.61111111111,1535.28571428571,1918.25925925926,1896.38888888889,1886.51851851852,2905.10526315789,2600.36842105263,2008.55,3798.5,1681.21428571429,2374.08695652174,2373.3,1938.11764705882,7357.13333333333,1640.2,2884.42857142857,2228.23529411765,1686.71428571429,1829.68421052632,2028.28,3777,2827,2167.52380952381,2322.58823529412,5772.21052631579,4813.4,3593.25,2349.875,1308,3618.95652173913,2357.82352941176,2114.36842105263,2233.52631578947,1738.89473684211,2518.2380952381,2026.83333333333,2425.40909090909,1401.76,3954.5,50,14,0.28
"Pelopidas agna","Pelopidas agna",NA,"ME12C211_X_Hesperiidae_Hesperiinae_Baorini_Pelopidas_mathias_X_ME",938.90909090909,1856,"1856 (1).png",9895.90909090909,"moss1.jpg",9845.15217391304,10000,117,109,121,"Cryptic",80.3695537896999,2021,"2021 (1).png",8957,"litter1.jpg",8192.41391941392,10000,95,62,118.75,"Cryptic",77.6505291362827,3803.13043478261,3484.96774193548,6680.04166666667,5630.92,5516.38095238095,6241.73076923077,6537.73333333333,1942.61111111111,2319.37931034483,1969,3056.42857142857,7913.53333333333,8856.875,6902.30434782609,9268.77777777778,9895.90909090909,7653.75,8968,9885.33333333333,4561.76470588235,5493.28571428571,6095.09090909091,9018.25,3511.61538461538,3630.76470588235,4864.5,9282.28571428571,6697.53846153846,4626.6,6465.8,4585.0625,2468.84615384615,5550.46666666667,2295,3801.45833333333,3927.53333333333,4849.6,2948.45,2742.73684210526,2259.21428571429,2552.48,7353.38461538462,8957,7542.07692307692,6089.68421052632,7280.95652173913,6286.26666666667,8010.14285714286,5472.71428571429,3739.85714285714,4451.54545454545,2497,5268.17647058824,2912,2001.84210526316,5767.75,7531,4625.75,3213.11111111111,5408.57894736842,110,39,0.354545455
"Pelopidas lyelli","Pelopidas lyelli",NA,"ME12C211_X_Hesperiidae_Hesperiinae_Baorini_Pelopidas_mathias_X_ME",NA,NA,NA,NA,NA,NA,NA,NA,NA,NA,NA,NA,2532,"2532 (1).png",9452.07142857143,"moss3.jpg",9010.51050420168,10000,108,83.5,120,"Cryptic",78.6995543934688,NA,NA,NA,NA,NA,NA,NA,NA,NA,NA,NA,NA,NA,NA,NA,NA,NA,NA,NA,NA,NA,NA,NA,NA,NA,NA,NA,NA,NA,NA,4283.56666666667,2389.71428571429,3847.09090909091,4224.45161290323,5827.4,5194.66666666667,6254.34782608696,2697.94444444444,2330.5652173913,2455.19047619048,2013.33333333333,7627.25,9251.28571428571,7584.17647058824,5551.78571428571,8149.15,7639.44444444444,9452.07142857143,7281.57142857143,5746.06666666667,7377,4760.35,5710.21428571429,3148.94444444444,2343.8,5213,8607.3,4921.64285714286,4934.94117647059,6104.76923076923,40,10,0.25
"Pieris rapae","Pieris rapae",NA,"BN007169_LEP50891_Pieridae_Pierinae_Pierini_Pieris_rapae",-295.976973684211,3625,"3625 (1).png",4425.21052631579,"flower1.jpg",3671.59963768116,6156.16666666667,13,4,28,"Conspicuous",75.7643561929593,3372,"3372 (1).png",4721.1875,"flower1.jpg",3634.42095588235,6228.63586956522,17,3,28,"Conspicuous",77.6274507208197,2410.42857142857,2178.8125,1238.25,2410.8,2506.64705882353,1653.8125,4425.21052631579,1851.4,2215.89473684211,1072.47826086957,1353.31578947368,3597.46666666667,2601.88,3021.9375,1886.5,1739.83333333333,2251.26315789474,1952.39130434783,1260.47826086957,1360.64285714286,1986,2142.55555555556,1530.76470588235,1673.95,1508.13043478261,1641.42105263158,2693.22727272727,2869.5,2130.94117647059,3490.1875,1997.65217391304,2018,3150.14285714286,2193,1632.9375,1653.76923076923,4721.1875,1379.05882352941,1898.38461538462,1056.25,2459.78571428571,3261.76470588235,2762.60869565217,2628.94444444444,1976.8,2586.73333333333,1984.7,2148.86666666667,1685.75,2797.88235294118,2191.58823529412,1541.8,2746.1,1536.8,1490.08695652174,1581.61904761905,2722.22222222222,3132.81481481481,1455.44,3210.54545454545,100,1,0.01
"Psychonotis caelius","Psychonotis caelius",NA,"BN003844_KD94R072_Lycaenidae_Polyommatinae_Polyommatini_Psychonotis_caelius",-2029.23529411765,688,"688 (1).png",2477.17647058824,"rock1.jpg",2475.46323529412,4321.24107142857,1,1,8.5,"Conspicuous",53.0089998100304,23,"23 (1).png",4506.41176470588,"depth2.jpg",3747.72527472528,6564.58333333333,14,3.5,30,"Conspicuous",72.8260200685112,2272.52941176471,1239.52941176471,1788.72222222222,2350.72,1377.75,2263.76923076923,1898.66666666667,1654.10526315789,1944.85714285714,2017.26666666667,1356.33333333333,1305.66666666667,1797.85,1546.86363636364,2028.71428571429,1778.25,1700.57142857143,1164.05,2477.17647058824,1337.09090909091,1199.08333333333,2385.46666666667,1976,1668.26315789474,2038.70833333333,2077.95652173913,1194.66666666667,1736.10526315789,1201.63157894737,2171.47368421053,1747.66666666667,2156.8,2693.95238095238,1740.9,4506.41176470588,1748.70588235294,4358.06666666667,2435.39130434783,1870.22222222222,2062,1446.51724137931,2721.42857142857,3101.25,1766.38888888889,1941.21739130435,2467.92857142857,3586.90476190476,2224.9,1611.21428571429,1803.92307692308,2616.52941176471,2276.125,1750.52941176471,1683.95,2934.7,1816.81818181818,2434.80952380952,2539,1224.57142857143,2624.89473684211,40,14,0.35
"Sabera caesina","Sabera caesina",NA,"BN000717_310_Hesperiidae_Hesperiinae_Taractrocerini_Sabera_caesina",146.764705882353,238,"238 (1).png",9480.52941176471,"moss1.jpg",8682.03333333333,10000,110,73.5,120,"Cryptic",83.2521011778744,271,"271 (1).png",9333.76470588235,"litter1.jpg",9026.99264705882,10000,103,86,120,"Cryptic",85.4843443610349,3091.33333333333,2144,2316.34615384615,4505.33333333333,5282,4073.66666666667,5016.4375,2519.66666666667,2237.23076923077,1794.625,1587.78947368421,5423.73684210526,6755,4882.31818181818,5150.16666666667,9480.52941176471,8739.1,3806.4,4969.71428571429,1735.14285714286,2640.66666666667,2935.23529411765,2474.04545454545,1685.625,2108.84615384615,2229.52941176471,3554.85,6420.92857142857,1756.22222222222,4517.68421052632,3602.68421052632,1895.94736842105,5039.63157894737,3897.05263157895,5061.66666666667,3842.52173913043,5207.52631578947,2994.05555555556,1969.25,2360.42105263158,2243.66666666667,7053.72727272727,9333.76470588235,8845.88888888889,4742.55555555556,9292.11764705882,8739.9375,4916.31818181818,3409.375,2006.27777777778,2714.95833333333,1863.875,2558.21052631579,1354.85714285714,3210.41176470588,2970.31578947368,6096.46153846154,5784.9375,2883.85,5844,70,12,0.171428571
"Sabera fuliginosa","Sabera fuliginosa",NA,"BN000717_310_Hesperiidae_Hesperiinae_Taractrocerini_Sabera_caesina",NA,NA,NA,NA,NA,NA,NA,NA,NA,NA,NA,NA,1263,"1263 (1).png",8023.45454545455,"smallrock3.jpg",7876.99715909091,10000,64,51.5,118.75,"Cryptic",79.3457108704027,NA,NA,NA,NA,NA,NA,NA,NA,NA,NA,NA,NA,NA,NA,NA,NA,NA,NA,NA,NA,NA,NA,NA,NA,NA,NA,NA,NA,NA,NA,4331.46666666667,2694.26666666667,4243.81818181818,3144.54545454545,5661,5322.55555555556,5672.6,3660.92857142857,1657.1875,2288.33333333333,2280.61111111111,7162.55555555556,7215.23529411765,5301.95833333333,4722.9375,7737.35714285714,6217.05555555556,8012.93333333333,7013.4,5356.42857142857,6212.375,2388.33333333333,4233.2380952381,2007.86363636364,1748.11111111111,4127.83333333333,8023.45454545455,1973.81818181818,2101.07142857143,3994.8125,30,4,0.133333333
"Suniana sunias","Suniana sunias",NA,"BN000778_380_Hesperiidae_Hesperiinae_Taractrocerini_Suniana_sunias",473.779761904761,652,"652 (1).png",9461.90476190476,"litter1.jpg",9371.50824175824,10000,109,95.5,120.25,"Cryptic",83.3974967724995,2078,"2078 (1).png",8988.125,"moss3.jpg",8674.44444444445,10000,97,74,120,"Cryptic",81.8241661451452,3430.82142857143,2646.76,4948.41666666667,4299.81818181818,5051,6179.25,6054.27272727273,3317.17647058824,2148.4,2721,6167.2380952381,8877.05,9461.90476190476,7199.5,4908.5,8876.22222222222,9293.91666666667,9416.08333333333,1795.68421052632,3436.64705882353,1905.3125,2075.13333333333,3825.66666666667,3522.21428571429,1570.91304347826,3241.61538461538,7302,1593.42857142857,2349.53333333333,3868.3125,4182.66666666667,2001.76470588235,3092.35714285714,3423,5662.42857142857,3848.57894736842,4707.44444444444,3241.36,1819.05263157895,1829.26086956522,3367.8125,8154.3,8655.26666666667,6665.3125,4144.78947368421,8902.90909090909,6874.36842105263,8988.125,2302.65,2673.38888888889,3283,2287.85,4612.21428571429,4370.45454545455,1633.66666666667,2994.05882352941,7661.27272727273,2126.8,1996.95454545455,2961.92307692308,90,14,0.155555556
"Telicota ancilla","Telicota ancilla",NA,"BN000803_LEP37050_Hesperiidae_Hesperiinae_Taractrocerini_Telicota_augias_augias",286.247619047619,2483,"2483 (1).png",9134.71428571429,"moss2.jpg",8135.19806451613,10000,100,63,118.5,"Cryptic",86.0313091346981,266,"266 (1).png",8848.46666666667,"moss2.jpg",8298.11578947368,9739.44848484848,93,63,108,"Cryptic",80.0732222639596,4487.57894736842,3589.23529411765,6964.58333333333,5544.76923076923,3642.125,5486.77777777778,7980.1,2484.35,1791.18181818182,2390.64285714286,4466.88888888889,6930,6944.42857142857,4698.33333333333,6708.46153846154,7376.47368421053,9134.71428571429,3923.35,2464.08695652174,2007.28571428571,2329.7,1846.41176470588,3694,1744.58823529412,5986.04166666667,4354.9375,6837.17647058824,1832.85185185185,1276,3350.44444444444,5528.09523809524,2592.5,6761.33333333333,3826.86956521739,2098.77272727273,4396.47058823529,5307.35294117647,4342,2019.6875,3061.75,4229.83333333333,6724.61111111111,8190.17647058824,5798.1,3134.52173913043,7924.78947368421,8848.46666666667,3983.80952380952,1884.25,1856.15789473684,1763.21428571429,2159.625,2357.5,4418.38095238095,2362.4,3269.07142857143,5551.18181818182,1958.76923076923,2213.42857142857,2138.58333333333,90,10,0.111111111
"Telicota mesoptis","Telicota mesoptis",NA,"BN000803_LEP37050_Hesperiidae_Hesperiinae_Taractrocerini_Telicota_augias_augias",-592.031746031746,70,"70 (1).png",8785.52380952381,"moss2.jpg",7957.51923076923,10000,89,55.5,118.25,"Cryptic",82.8004401179429,648,"648 (1).png",9377.55555555555,"moss2.jpg",9319.45787545788,10000,106,94,119.75,"Cryptic",77.7980520865423,3302.15384615385,2500.85714285714,7094.15384615385,6747.21052631579,3172.29411764706,5583.69565217391,7724.76,2361.86363636364,2097.04,3057.95454545455,4766.72727272727,7073.52,7273.36363636364,6973,7540.78571428571,8125.30769230769,8785.52380952381,7137.09090909091,2746.22222222222,2035.07142857143,1511.07142857143,2672,3407.8,3070.45454545455,4205.9,4215.33333333333,4829.69565217391,2197.21739130435,1593.59090909091,3807.10526315789,4495.15789473684,2649.31578947368,6121.375,3976.64705882353,3420.125,4776.91304347826,6446.76923076923,3163.44444444444,2082,2593.21052631579,5532.04761904762,9265.1052631579,7795.22727272727,6560.5,7553.05,9317.7619047619,9377.55555555555,8807.54545454545,2906.34615384615,4511.91304347826,3286.47368421053,2783.81818181818,7465.53333333333,5786.8275862069,3000.28571428571,3386.95454545455,8867.875,2217.15789473684,2772.84210526316,3811.10526315789,111,39,0.352066116
"Theclinesthes onycha","Theclinesthes onycha",NA,"BN003991_MFB00P612_Lycaenidae_Polyommatinae_Polyommatini_Theclinesthes_miskini",-676.325,2854,"2854 (1).png",5991.3,"litter1.jpg",4195.32608695652,8478.36111111111,28,6.5,69.5,"Conspicuous",77.7141140367819,2762,"2762 (1).png",6667.625,"rock3.jpg",5891.03787878788,8126.15476190476,34,23,58.5,"Cryptic",79.3908197125235,1824.88888888889,1416.58333333333,1637.4347826087,1768.36842105263,1939.10526315789,1971.08333333333,2903.47058823529,1762.4375,1888.16666666667,1748.78947368421,1818.29411764706,1845.36,5991.3,3217.7619047619,1335.21428571429,3266.84615384615,3008.5,2924.375,2912.63157894737,1416.91666666667,3209.06666666667,2302.75,1467.06666666667,3523.94117647059,1972.42857142857,1905.68421052632,2504.92,1728.6,1652.35,4139.61538461538,2694.35294117647,1827.95,2734.06666666667,2665.57894736842,2668.6875,2414.22727272727,2520.66666666667,2703.81818181818,1417,2704.4375,1549.33333333333,5364.8,4780.81818181818,3301.95238095238,1863.78947368421,5444.05,4057.03846153846,4671.18181818182,3661.70588235294,2164.86206896552,6667.625,2273.15789473684,1911.17391304348,3256.70588235294,1374.14285714286,3569.85714285714,3293.5625,3456.92307692308,2964.11111111111,5356.06666666667,90,55,0.611111111
"Tisiphone abeona","Tisiphone abeona",NA,"BN003853_RE05C007_Nymphalidae_Satyrinae_Satyrini_Tisiphone_abeona",919.488038277512,1761,"1761 (1).png",9285.90909090909,"moss2.jpg",8672.97391304348,9999.64912280702,102,75,116.5,"Cryptic",85.5803025111361,3677,"3677 (1).png",8366.42105263158,"moss1.jpg",7768.16743471582,9598.98251748252,75,49,101,"Cryptic",84.1294145770687,5139.71428571429,6698.46666666667,7593.15384615385,7565.6,6034.78947368421,6562.4347826087,7008,3155.38461538462,2880.8,4478.75,2128.8125,5135.72222222222,7063.4,6053.54545454545,5321.41379310345,7836.33333333333,9285.90909090909,2931.27272727273,2644.42105263158,2087.86363636364,2007.33333333333,2039.80952380952,2233,1339,2676.77777777778,4404.83333333333,5289.33333333333,2998,1840.65217391304,3245.33333333333,3266.11538461538,2395.65,3127.41666666667,6152.35,3034.95454545455,3763.26315789474,4645.85,2275,2336.26315789474,2004.42105263158,2605,6892.83333333333,6806.82352941176,5518.35714285714,4311.73913043478,8366.42105263158,8024.52,3739.4375,4253.96296296296,1538.125,2771.83333333333,3228.88888888889,2584.86666666667,1850.41666666667,2965.22727272727,4748.78571428571,5758.5625,2670.58823529412,1327.8,2872.84210526316,103,10,0.093076923
"Toxidia peron","Toxidia peron",NA,"BN000840_111_Hesperiidae_Trapezitinae_X_Toxidia_peron",1288.85142857143,1639,"1639 (1).png",9356.28,"smallrock3.jpg",9208.58974358974,10000,104,92.5,120,"Cryptic",79.6235441770708,1660,"1660 (1).png",8067.42857142857,"litter1.jpg",7602.3,9454.23333333333,65,45.5,98.5,"Cryptic",81.1223469413265,3126.11111111111,2578.61538461538,6849.26666666667,2891.77272727273,4525.83333333333,5944.41666666667,7245.30769230769,1906.47826086957,2032.70588235294,2243.86666666667,4976.66666666667,9128.35714285714,9263.09523809524,8013.74074074074,8101.53846153846,7680.85,8400.16666666667,8949.33333333333,8734.81818181818,5355.25,4147.73684210526,3270.80769230769,8397.33333333333,4634.17647058824,2127.11764705882,7640.47619047619,9356.28,5730.1875,3200.53333333333,5893.55555555556,2811.9375,1522.94117647059,2664.66666666667,3572,5329.11764705882,1791.6875,4039.82352941176,2863.66666666667,1889.82608695652,1911.6,2305.28571428571,6379.94736842105,8067.42857142857,6608.46666666667,3967.64285714286,7452.09090909091,6113.78571428571,5687.08333333333,5471.28571428571,2685.61111111111,5207.52941176471,1646.23076923077,4464.18181818182,3647.80952380952,1778.69230769231,3978,7373.27272727273,2698.4,2949.38461538462,6788.08333333333,100,12,0.12
"Trapezites symmomus","Trapezites symmomus",NA,"BN000850_89_Hesperiidae_Trapezitinae_X_Trapezites_symmomus",830.393846153846,1599,"1599 (1).png",9933.24,"moss2.jpg",9830.375,10000,118,107.5,120.25,"Cryptic",84.7856512298326,1587,"1587 (1).png",9102.84615384615,"litter2.jpg",8463.44777777778,10000,99,65.5,120,"Cryptic",79.8619428181611,3281.45454545455,3177.53846153846,7380.2380952381,5341.71428571429,8715.18181818182,5307.55,6593.38888888889,1925.05263157895,1511.27777777778,3940.23529411765,5029.23529411765,8167.17647058824,8612.55,8269.2,9312.25,9205.12,9933.24,7897.75,4261.38095238095,3578.65217391304,1895.17647058824,6185.92857142857,4677.7,2856.21428571429,2275.92857142857,4244.22222222222,6685.59090909091,4453.17391304348,2892.8,3887.26315789474,3682.72222222222,3009.61538461538,8002.52941176471,5095.38461538462,5446.61111111111,3793.47058823529,5743.91666666667,2597.28571428571,1914.86956521739,2061.25,2813.5,8086.38461538462,7946.66666666667,9102.84615384615,6157.33333333333,8505.57142857143,8109.62068965517,4982,1833.13636363636,2770.12,2945.3,2917.27777777778,6204.08695652174,7071.42857142857,2560.57142857143,3814.41666666667,5891.14285714286,3323.26315789474,2310.55,4327.92307692308,50,10,0.2
"Vanessa kershawi","Vanessa kershawi",NA,"BN007174_LEP28963_Nymphalidae_Nymphalinae_Nymphalini_Vanessa_indica",-355.076470588236,1799,"1799 (1).png",8604.1,"moss2.jpg",7428.02380952381,9675.91105769231,83,46,105.5,"Cryptic",80.7727323795245,1791,"1791 (1).png",8959.17647058824,"moss3.jpg",8148.84078947368,9955.7,96,57.5,112.5,"Cryptic",80.6485866371885,2792,2343.4375,5623.8,3181.6875,4634.26315789474,3875.52777777778,3555.16,3173.35714285714,1773.07142857143,1978,2664.76470588235,7372.90909090909,5528.3125,5720.16666666667,4927.57692307692,7346.73684210526,8604.1,6313.42105263158,3469.38888888889,3054.16666666667,1991.80952380952,3495.05263157895,4214.52380952381,2974.77777777778,2219.94117647059,3821,5984.82352941176,1654.33333333333,2205.25,3147.61111111111,2168.375,1733.72727272727,3018.36363636364,3163.82352941176,4976.14285714286,2986.72222222222,2332.04545454545,3876.94444444444,2755.05882352941,2527.47058823529,2516.84615384615,6952.06666666667,4196.53333333333,6193,3030.66666666667,8471.21052631579,6338.25,8959.17647058824,5031.69230769231,4476.5,4488.72,1782.69565217391,2889.45161290323,4079.83333333333,2189.13333333333,3767.42857142857,3355.35,4299.68421052632,2561.27777777778,4918.36,40,8,0.2
"Ypthima arctous","Ypthima arctous",NA,"LEP25269_X_Nymphalidae_Satyrinae_Satyrini_Ypthima_argus_X_ME",344.97794117647,2548,"2548 (1).png",8661.625,"smallrock3.jpg",8588.48214285714,10000,84,70,119.5,"Cryptic",81.740018632634,2319,"2319 (1).png",8316.64705882353,"rock1.jpg",7694.84761904762,9516.475,72,48.5,101,"Cryptic",79.3101009315123,3649.8125,2815.65,4361.21428571429,5542.21428571429,4024.42105263158,5419.53846153846,5020.17647058824,3533.64705882353,1581.61111111111,2511.83333333333,2478,7963.75,8550.35714285714,6461.05,6712.94736842105,7907.23529411765,7856.63157894737,7200.83333333333,8518.5,6457.41666666667,6895.68,5926.47368421053,7715.41666666667,4069.6,2830.57142857143,7954.33333333333,8661.625,6456.42857142857,5734.84210526316,7187.51851851852,2747.66666666667,2384.91666666667,3376,2829.57142857143,3883.26315789474,3543.9,3004.72222222222,2588.81818181818,1720.70588235294,2942.05555555556,2664.72727272727,5289.15789473684,5712.5,3836.28571428571,2894.92857142857,7727.14285714286,5537.57142857143,7486.45,8316.64705882353,2156.82352941176,4478.27777777778,3659.125,5529.9375,2525.23529411765,2750.85714285714,2998.6875,6107.5,4773.1875,3773.65,4477.85,50,13,0.26
"Zizina otis_Female","Zizina otis","female","BN004004_DL01Q533_Lycaenidae_Polyommatinae_Polyommatini_Zizina_otis",1210.26785714286,144,"144 (1).png",8242.125,"litter1.jpg",7393.03260869565,9098.0625,69,41,88,"Cryptic",80.0402776813274,2376,"2376 (1).png",7031.85714285714,"tree3.jpg",5804.13502673797,8230.7,41,23,63,"Cryptic",78.9490500560529,2446.85714285714,2438.13636363636,3479.19047619048,2651.7619047619,2728.73333333333,2683.14285714286,2714.86956521739,1991.47058823529,1645.10526315789,2605.53846153846,1665.2380952381,6302.47619047619,8242.125,6358.58823529412,4175.31818181818,6772.5,5533.95454545455,6341.22222222222,3162.7619047619,2293.76470588235,7000.73913043478,2349.13333333333,3154.2380952381,3486.2380952381,2697.78571428571,4227.63157894737,5016.33333333333,4336.78571428571,2997.57894736842,6480.8,1623.66666666667,1575.77272727273,2179.94444444444,2368.72727272727,2126.83333333333,2253.19047619048,3628.88235294118,2430.57142857143,2555,2171.80952380952,1698,4226.27272727273,5536.90476190476,2816.14285714286,2684.88888888889,4668.27272727273,3878.44444444444,4325.35714285714,1480.27272727273,2252.38095238095,2889.22222222222,1822.0625,2327.75,2860,1651.46153846154,1858.26666666667,2741.88461538462,1849.88235294118,1660.13043478261,7031.85714285714,60,24,0.4
"Zizina otis_Male","Zizina otis","male","BN004004_DL01Q533_Lycaenidae_Polyommatinae_Polyommatini_Zizina_otis",769.619047619048,1324,"1324 (1).png",7801.47619047619,"litter1.jpg",6873.81,8879.34913793103,58,34,82.5,"Cryptic",83.449286154635,2376,"2376 (1).png",7031.85714285714,"tree3.jpg",5804.13502673797,8230.7,41,23,63,"Cryptic",78.9490500560529,2700.23076923077,2225.5,2468.76923076923,3794.88888888889,3066.2,2279.83333333333,3665.93333333333,2075.4347826087,2019.94736842105,1658.20833333333,1291.2,5996.93333333333,7801.47619047619,5143.33333333333,2673.5,4582.59259259259,4078.25,3769.94736842105,2620.2380952381,2224.47058823529,4544.29411764706,2083.68421052632,2771.3125,2615.65,1520.32,2729.28,5238.75,3736.68,2246.95,6566.375,1623.66666666667,1575.77272727273,2179.94444444444,2368.72727272727,2126.83333333333,2253.19047619048,3628.88235294118,2430.57142857143,2555,2171.80952380952,1698,4226.27272727273,5536.90476190476,2816.14285714286,2684.88888888889,4668.27272727273,3878.44444444444,4325.35714285714,1480.27272727273,2252.38095238095,2889.22222222222,1822.0625,2327.75,2860,1651.46153846154,1858.26666666667,2741.88461538462,1849.88235294118,1660.13043478261,7031.85714285714,60,26,0.433333333
"Zizula hylax","Zizula hylax",NA,"BN003906_DL09X120_Lycaenidae_Polyommatinae_Polyommatini_Zizula_hylax",3844.57142857143,1293,"1293 (1).png",8422.07142857143,"litter1.jpg",7321.08666666667,9529.28632478632,77,44.5,102,"Cryptic",82.8611707145152,2045,"2045 (1).png",4577.5,"litter1.jpg",4102.45138888889,6161.16193181818,15,6,28,"Conspicuous",77.99016930639,2019.53846153846,1443.44444444444,1916.65,2322.54545454545,2661.5625,1619.78571428571,3428.15789473684,2469.90476190476,1805.78571428571,2471.94736842105,1601.58823529412,4904.5,8422.07142857143,6060,2696.33333333333,5116.08,3629,2518.1875,2713.68,2852.64705882353,5325.41176470588,1978.82608695652,2057.61111111111,3221.36842105263,1955.5,2228.13333333333,3172.73913043478,2515.2,2619.21052631579,7712.3,2315.25,1995.13043478261,3264.69230769231,2165.70588235294,2419.625,3002.16666666667,2433.5625,2293.69565217391,1468,2063.86666666667,1007.5,3589.63636363636,4577.5,3816.40909090909,2289.88235294118,3901.09523809524,3401.94117647059,3996.88235294118,2969.52173913043,1502.86666666667,2103.66666666667,1608.33333333333,2210.52173913043,2259.86666666667,2745,1769.9,2871.52941176471,3210.4375,2643.63636363636,3492.75,50,32,0.64
